{
  "project_info": {
    "project_number": "1003020247240",
    "project_id": "projet-ad7b6",
    "storage_bucket": "projet-ad7b6.appspot.com"
  },
  "client": [
    {
      "client_info": {
        "mobilesdk_app_id": "1:1003020247240:android:71c93f0f1028ad371e05fd",
        "android_client_info": {
          "package_name": "com.example.hafida_hatim_projet"
        }
      },
      "oauth_client": [
        {
          "client_id": "1003020247240-5n9bks06kh4k1dl5gui1jk5626pcndc7.apps.googleusercontent.com",
          "client_type": 3
        }
      ],
      "api_key": [
        {
          "current_key": "AIzaSyACs54QrTamMPZxw_AsnUmOL3YavxgOUao"
        }
      ],
      "services": {
        "appinvite_service": {
          "other_platform_oauth_client": [
            {
              "client_id": "1003020247240-5n9bks06kh4k1dl5gui1jk5626pcndc7.apps.googleusercontent.com",
              "client_type": 3
            }
          ]
        }
      }
    }
  ],
  "configuration_version": "1"
}